{"cameraMode":{"drawMode":0,"name":"Shaded","section":"Shading Mode"},"sceneLighting":false,"audioPlay":false,"sceneViewState":{"m_AlwaysRefresh":false,"showFog":true,"showSkybox":false,"showFlares":true,"showImageEffects":true,"showParticleSystems":true,"showVisualEffectGraphs":true,"m_FxEnabled":true},"in2DMode":false,"pivot":{"x":16.397357940673829,"y":3.2527239322662355,"z":3.773395538330078},"rotation":{"x":-0.14542549848556519,"y":-0.19250145554542542,"z":0.028860703110694886,"w":-0.9700348377227783},"size":4.383153438568115,"orthographic":false}