{"cameraMode":{"drawMode":0,"name":"Shaded","section":"Shading Mode"},"sceneLighting":false,"audioPlay":false,"sceneViewState":{"m_AlwaysRefresh":false,"showFog":true,"showSkybox":false,"showFlares":true,"showImageEffects":true,"showParticleSystems":true,"showVisualEffectGraphs":true,"m_FxEnabled":true},"in2DMode":false,"pivot":{"x":9.648516654968262,"y":0.11139249801635742,"z":-8.284341812133789},"rotation":{"x":0.030956123024225236,"y":0.964722752571106,"z":-0.13250863552093507,"w":0.2253747135400772},"size":3.8595592975616457,"orthographic":false}