{"cameraMode":{"drawMode":0,"name":"Shaded","section":"Shading Mode"},"sceneLighting":false,"audioPlay":false,"sceneViewState":{"m_AlwaysRefresh":false,"showFog":true,"showSkybox":false,"showFlares":true,"showImageEffects":true,"showParticleSystems":true,"showVisualEffectGraphs":true,"m_FxEnabled":true},"in2DMode":false,"pivot":{"x":-1.5495009422302247,"y":0.28349101543426516,"z":7.877712249755859},"rotation":{"x":-0.16955095529556275,"y":0.2417752742767334,"z":-0.042948782444000247,"w":-0.9544411301612854},"size":1.9790353775024415,"orthographic":false}