{"cameraMode":{"drawMode":0,"name":"Shaded","section":"Shading Mode"},"sceneLighting":false,"audioPlay":false,"sceneViewState":{"m_AlwaysRefresh":false,"showFog":true,"showSkybox":false,"showFlares":true,"showImageEffects":true,"showParticleSystems":true,"showVisualEffectGraphs":true,"m_FxEnabled":true},"in2DMode":false,"pivot":{"x":-0.23915565013885499,"y":2.0794763565063478,"z":-1.725296974182129},"rotation":{"x":0.10243856906890869,"y":-0.21022890508174897,"z":0.022155486047267915,"w":0.9720183610916138},"size":2.2046689987182619,"orthographic":false}