{"cameraMode":{"drawMode":0,"name":"Shaded","section":"Shading Mode"},"sceneLighting":false,"audioPlay":false,"sceneViewState":{"m_AlwaysRefresh":false,"showFog":true,"showSkybox":false,"showFlares":true,"showImageEffects":true,"showParticleSystems":true,"showVisualEffectGraphs":true,"m_FxEnabled":true},"in2DMode":false,"pivot":{"x":4.083461284637451,"y":0.8537333011627197,"z":-5.2493391036987309},"rotation":{"x":0.024300403892993928,"y":0.9753755331039429,"z":-0.16723914444446565,"w":0.1417328119277954},"size":1.9024332761764527,"orthographic":false}