{"cameraMode":{"drawMode":0,"name":"Shaded","section":"Shading Mode"},"sceneLighting":false,"audioPlay":false,"sceneViewState":{"m_AlwaysRefresh":false,"showFog":true,"showSkybox":false,"showFlares":true,"showImageEffects":true,"showParticleSystems":true,"showVisualEffectGraphs":true,"m_FxEnabled":true},"in2DMode":false,"pivot":{"x":3.6793651580810549,"y":2.125999927520752,"z":4.296113967895508},"rotation":{"x":0.001345859607681632,"y":0.987869143486023,"z":0.008585343137383461,"w":-0.1550655961036682},"size":0.6313574314117432,"orthographic":false}