{"cameraMode":{"drawMode":0,"name":"Shaded","section":"Shading Mode"},"sceneLighting":false,"audioPlay":false,"sceneViewState":{"m_AlwaysRefresh":false,"showFog":true,"showSkybox":false,"showFlares":true,"showImageEffects":true,"showParticleSystems":true,"showVisualEffectGraphs":true,"m_FxEnabled":true},"in2DMode":false,"pivot":{"x":1.9859999418258668,"y":2.648676872253418,"z":4.006999969482422},"rotation":{"x":-0.13374023139476777,"y":0.1295274794101715,"z":-0.017632970586419107,"w":-0.9823598861694336},"size":0.8595941662788391,"orthographic":false}