{"cameraMode":{"drawMode":0,"name":"Shaded","section":"Shading Mode"},"sceneLighting":false,"audioPlay":false,"sceneViewState":{"m_AlwaysRefresh":false,"showFog":true,"showSkybox":false,"showFlares":true,"showImageEffects":true,"showParticleSystems":true,"showVisualEffectGraphs":true,"m_FxEnabled":true},"in2DMode":false,"pivot":{"x":-11.34000015258789,"y":1.0579073429107667,"z":9.837142944335938},"rotation":{"x":-0.14542549848556519,"y":-0.19250145554542542,"z":0.028860703110694886,"w":-0.9700348377227783},"size":1.4295862913131714,"orthographic":false}