{"cameraMode":{"drawMode":0,"name":"Shaded","section":"Shading Mode"},"sceneLighting":false,"audioPlay":false,"sceneViewState":{"m_AlwaysRefresh":false,"showFog":true,"showSkybox":false,"showFlares":true,"showImageEffects":true,"showParticleSystems":true,"showVisualEffectGraphs":true,"m_FxEnabled":true},"in2DMode":false,"pivot":{"x":-1.6050219535827637,"y":2.4628384113311769,"z":2.399444103240967},"rotation":{"x":-0.01115524210035801,"y":-0.9873388409614563,"z":0.13592679798603059,"w":-0.08103760331869126},"size":1.5585696697235108,"orthographic":false}