{"cameraMode":{"drawMode":0,"name":"Shaded","section":"Shading Mode"},"sceneLighting":false,"audioPlay":false,"sceneViewState":{"m_AlwaysRefresh":false,"showFog":true,"showSkybox":false,"showFlares":true,"showImageEffects":true,"showParticleSystems":true,"showVisualEffectGraphs":true,"m_FxEnabled":true},"in2DMode":false,"pivot":{"x":-11.554795265197754,"y":0.023756027221679689,"z":3.8597707748413088},"rotation":{"x":-0.03805778548121452,"y":-0.9596277475357056,"z":0.1600971817970276,"w":-0.22812803089618684},"size":3.3340213298797609,"orthographic":false}