{"cameraMode":{"drawMode":0,"name":"Shaded","section":"Shading Mode"},"sceneLighting":false,"audioPlay":false,"sceneViewState":{"m_AlwaysRefresh":false,"showFog":true,"showSkybox":false,"showFlares":true,"showImageEffects":true,"showParticleSystems":true,"showVisualEffectGraphs":true,"m_FxEnabled":true},"in2DMode":false,"pivot":{"x":-1.7269999980926514,"y":2.492000102996826,"z":4.006999969482422},"rotation":{"x":0.001345859607681632,"y":0.987869143486023,"z":0.008585343137383461,"w":-0.1550655961036682},"size":0.8660253882408142,"orthographic":false}