{"cameraMode":{"drawMode":0,"name":"Shaded","section":"Shading Mode"},"sceneLighting":false,"audioPlay":false,"sceneViewState":{"m_AlwaysRefresh":false,"showFog":true,"showSkybox":false,"showFlares":true,"showImageEffects":true,"showParticleSystems":true,"showVisualEffectGraphs":true,"m_FxEnabled":true},"in2DMode":false,"pivot":{"x":-0.7762022018432617,"y":3.0110530853271486,"z":4.144597053527832},"rotation":{"x":0.0014051648322492838,"y":0.8524191379547119,"z":0.0022940735798329117,"w":-0.5228565335273743},"size":0.7499324679374695,"orthographic":false}