{"cameraMode":{"drawMode":0,"name":"Shaded","section":"Shading Mode"},"sceneLighting":false,"audioPlay":false,"sceneViewState":{"m_AlwaysRefresh":false,"showFog":true,"showSkybox":false,"showFlares":true,"showImageEffects":true,"showParticleSystems":true,"showVisualEffectGraphs":true,"m_FxEnabled":true},"in2DMode":false,"pivot":{"x":-21.229999542236329,"y":1.3570282459259034,"z":2.270503044128418},"rotation":{"x":-0.14542549848556519,"y":-0.19250145554542542,"z":0.028860703110694886,"w":-0.9700348377227783},"size":3.344926118850708,"orthographic":false}