{"cameraMode":{"drawMode":0,"name":"Shaded","section":"Shading Mode"},"sceneLighting":false,"audioPlay":false,"sceneViewState":{"m_AlwaysRefresh":false,"showFog":true,"showSkybox":false,"showFlares":true,"showImageEffects":true,"showParticleSystems":true,"showVisualEffectGraphs":true,"m_FxEnabled":true},"in2DMode":false,"pivot":{"x":-16.25166130065918,"y":1.8732982873916627,"z":-3.6972579956054689},"rotation":{"x":-0.14542549848556519,"y":-0.19250145554542542,"z":0.028860703110694886,"w":-0.9700348377227783},"size":2.934563636779785,"orthographic":false}