{"cameraMode":{"drawMode":0,"name":"Shaded","section":"Shading Mode"},"sceneLighting":false,"audioPlay":false,"sceneViewState":{"m_AlwaysRefresh":false,"showFog":true,"showSkybox":false,"showFlares":true,"showImageEffects":true,"showParticleSystems":true,"showVisualEffectGraphs":true,"m_FxEnabled":true},"in2DMode":false,"pivot":{"x":-5.368729114532471,"y":0.26767778396606448,"z":-0.23856782913208009},"rotation":{"x":-0.025185680016875268,"y":-0.9698620438575745,"z":0.11429939419031143,"w":-0.2137187421321869},"size":3.026801109313965,"orthographic":false}