{"cameraMode":{"drawMode":0,"name":"Shaded","section":"Shading Mode"},"sceneLighting":false,"audioPlay":false,"sceneViewState":{"m_AlwaysRefresh":false,"showFog":true,"showSkybox":false,"showFlares":true,"showImageEffects":true,"showParticleSystems":true,"showVisualEffectGraphs":true,"m_FxEnabled":true},"in2DMode":false,"pivot":{"x":525.3970947265625,"y":268.4979248046875,"z":0.006712146103382111},"rotation":{"x":-0.00012596680608112365,"y":0.9976426959037781,"z":-0.0018053428502753378,"w":-0.06864538043737412},"size":590.213623046875,"orthographic":false}