{"cameraMode":{"drawMode":0,"name":"Shaded","section":"Shading Mode"},"sceneLighting":false,"audioPlay":false,"sceneViewState":{"m_AlwaysRefresh":false,"showFog":true,"showSkybox":false,"showFlares":true,"showImageEffects":true,"showParticleSystems":true,"showVisualEffectGraphs":true,"m_FxEnabled":true},"in2DMode":false,"pivot":{"x":0.8722808361053467,"y":2.703200101852417,"z":3.894996166229248},"rotation":{"x":-0.14542549848556519,"y":-0.19250145554542542,"z":0.028860703110694886,"w":-0.9700348377227783},"size":0.8699889779090881,"orthographic":false}