{"cameraMode":{"drawMode":0,"name":"Shaded","section":"Shading Mode"},"sceneLighting":false,"audioPlay":false,"sceneViewState":{"m_AlwaysRefresh":false,"showFog":true,"showSkybox":false,"showFlares":true,"showImageEffects":true,"showParticleSystems":true,"showVisualEffectGraphs":true,"m_FxEnabled":true},"in2DMode":false,"pivot":{"x":7.610000133514404,"y":1.3205193281173707,"z":-2.0523624420166017},"rotation":{"x":0.001345859607681632,"y":0.987869143486023,"z":0.008585343137383461,"w":-0.1550655961036682},"size":1.6321096420288087,"orthographic":false}