{"cameraMode":{"drawMode":0,"name":"Shaded","section":"Shading Mode"},"sceneLighting":false,"audioPlay":false,"sceneViewState":{"m_AlwaysRefresh":false,"showFog":true,"showSkybox":false,"showFlares":true,"showImageEffects":true,"showParticleSystems":true,"showVisualEffectGraphs":true,"m_FxEnabled":true},"in2DMode":false,"pivot":{"x":3.0915110111236574,"y":0.13475537300109864,"z":-7.827114105224609},"rotation":{"x":-0.028148140758275987,"y":-0.9693276882171631,"z":0.1334475874900818,"w":-0.20447123050689698},"size":3.5761327743530275,"orthographic":false}